title,viewItemURL,galleryURL
"BELA LUGOSI & HELEN CHANDLER IN THE FILM 'DRACULA' 8X10 PUBLICITY PHOTO (ZY-219)","http://www.ebay.com/itm/bela-lugosi-helen-chandler-in-the-film-dracula-8x10-publicity-photo-zy-219/152175299816?hash=item236e5acce8","http://i.ebayimg.com/images/i/152175299816-0-1/s-l1000.jpg"
"New Topo Designs Puffer Jacket, Black, Size Medium, North Face Down Kith V2",http://www.ebay.com/itm/New-Topo-Designs-Puffer-Jacket-Black-Size-Medium-North-Face-Down-Kith-V2-/152084758882?&_trksid=p2056016.l4276,"http://i.ebayimg.com/images/i/152084758882-0-1/s-l1000.jpg"
"1950's Vintage 16x20 NATURE LANDSCAPE Fall Leaves Foliage Photo Art ELIOT PORTER","http://www.ebay.com/itm/1950s-vintage-16x20-nature-landscape-fall-leaves-foliage-photo-art-eliot-porter/191529320288?hash=item2c98097f60","http://i.ebayimg.com/images/i/191529320288-0-1/s-l1000.jpg"
"Bantha Pet Costume Pet Costume Pet Star Wars Halloween Fancy Dress","http://www.ebay.com/itm/bantha-pet-costume-pet-costume-pet-star-wars-halloween-fancy-dress/361507025756?hash=item542b7f735c","http://i.ebayimg.com/images/i/361507025756-0-1/s-l1000.jpg"
"Auth CRAWFORD Antique Watch 17 Jewels Hand Winding SS Men's Wristwatches Men's","http://www.ebay.com/itm/auth-crawford-antique-watch-17-jewels-hand-winding-ss-mens-wristwatches-mens/172374516612?hash=item2822526384","http://i.ebayimg.com/images/i/172374516612-0-1/s-l1000.jpg"
"Pink Ribbon Breast Cancer Awareness Pendant Created with SwarovskiÂ® Crystals","http://www.ebay.com/itm/pink-ribbon-breast-cancer-awareness-pendant-created-with-swarovski-crystals/361747470539?hash=item5439d458cb","http://i.ebayimg.com/images/i/361747470539-0-1/s-l1000.jpg"
"Metal Hanging Wine Glass Rack","http://www.ebay.com/itm/metal-hanging-wine-glass-rack/262051160734?hash=item3d0377629e","http://i.ebayimg.com/images/i/262051160734-0-1/s-l1000.jpg"
"POLO RALPH LAUREN VANDAN LIGHT BROWN GRAINED PULL UP LACE UP BOOT MADE IN USA","http://www.ebay.com/itm/polo-ralph-lauren-vandan-light-brown-grained-pull-up-lace-up-boot-made-in-usa/301981383267?hash=item464f7e3a63","http://i.ebayimg.com/images/i/301981383267-0-1/s-l1000.jpg"
"Drogue Chute Hatch from Evel Knievel's X-2 SkyCycle!!","http://www.ebay.com/itm/drogue-chute-hatch-from-evel-knievels-x-2-skycycle/180736033720?hash=item2a14b503b8","http://i.ebayimg.com/images/i/180736033720-0-1/s-l1000.jpg"
"Thing 1 and Thing 2 Costumes Adult Thing One and Thing Two Dr Seuss Fancy Dress","http://www.ebay.com/itm/thing-1-and-thing-2-costumes-adult-thing-one-and-thing-two-dr-seuss-fancy-dress/361065195956?hash=item541129a9b4","http://i.ebayimg.com/images/i/361065195956-0-1/s-l1000.jpg"
